year,tmID,confID,playoff,prediction,prediction_proba
6,4,0,1,1,0.9992661049426415
6,4,0,1,1,0.9991211681781678
6,17,1,1,1,0.9690978006345711
6,8,1,1,1,0.9660163853706027
6,17,1,1,1,0.9594950186325526
6,17,1,1,1,0.9537317268443237
6,11,0,1,1,0.9461295358756917
6,7,0,1,1,0.8790910545901277
