tmID,prediction,prediction_proba
PHO,1,0.9991841855788295
IND,1,0.9976216124103916
DET,1,0.997344907734417
SEA,1,0.9964583102718954
LAS,1,0.9958900579509595
ATL,1,0.9858827473730797
WAS,1,0.8751658320510286
MIN,0,0.36519364726907183
