year,tmID,confID,playoff,prediction,prediction_proba
2,8,1,1,1,0.9999999999999996
2,3,0,1,1,0.9999999999999991
2,6,1,1,1,0.9999999999188545
2,15,1,1,1,0.9999999999164022
2,19,0,0,1,0.9999999986424419
2,9,0,1,1,0.9999987397871094
2,1,0,1,1,0.9999424868967315
2,13,1,0,1,0.9994473284844445
