tmID,prediction,prediction_proba
DET,1,0.9999853974557529
LAS,1,0.9999853974557529
ATL,1,0.9999853974557529
IND,1,0.9999853974557529
PHO,1,0.9999853974557529
SAS,1,0.9999853974557529
SEA,1,0.9999853974557529
WAS,1,0.9999853974557529
