tmID,prediction,prediction_proba
4,1,1.0
5,1,0.9999999999999976
8,1,0.9999999999989462
6,1,0.9999999999972726
7,1,0.9999933909064211
15,1,0.9999329458869994
13,1,0.9953656203570199
18,1,0.9516832313607002
