tmID,prediction,prediction_proba
CHA,1,0.9999798888139783
NYL,1,0.9999798888139783
SEA,1,0.9999798888139783
HOU,1,0.9999798888139783
IND,1,0.9999798888139783
LAS,1,0.9999798888139783
POR,1,0.9999798888139783
ORL,1,0.9999798888139783
