tmID,prediction,prediction_proba
NYL,1,0.9982513238811042
CHA,1,0.9726245013209268
SAC,1,0.956204263843087
DET,1,0.7129628815049431
WAS,1,0.5770378589969289
LAS,1,0.5339759117874344
HOU,0,0.353244243607065
SAS,0,0.2663875517507924
