tmID,prediction,prediction_proba
4,1,0.9918742817484129
5,1,0.9760333067706813
8,1,0.9721612969546588
10,1,0.9683173206465605
13,1,0.88364415686365
7,1,0.8380381830886033
15,1,0.7907894730951305
18,0,0.3016876939316509
