tmID,prediction,prediction_proba
4,1,1.0
15,1,0.9999999999999996
8,1,0.9975990579261544
7,1,0.9888196977809551
17,1,0.9871183530127078
6,1,0.9834013005689064
5,1,0.8006204526908602
19,1,0.68829876580272
