tmID,prediction,prediction_proba
5,1,1.0
16,1,0.9999999999916687
17,1,0.9999999920989343
11,1,0.9999956361901227
8,1,0.9997889312462882
15,1,0.7774354287711668
2,0,0.01127200352278589
7,0,0.010814792970585064
