tmID,prediction,prediction_proba
4,1,0.9990381527498622
17,1,0.9680217728929347
8,1,0.9543127153840207
11,1,0.942456203524728
15,1,0.9292686572180109
6,1,0.9209308390670311
7,1,0.8656394885577712
5,1,0.671339436432102
