tmID,prediction,prediction_proba
8,1,0.992878329100493
5,1,0.971616665857409
11,1,0.9531685015486524
13,1,0.8828777623548997
10,1,0.8303384098938249
0,1,0.8262815441586274
7,1,0.8178339495006682
6,1,0.8105551779749655
