tmID,prediction,prediction_proba
4,1,0.9992661049426415
17,1,0.9690978006345711
8,1,0.9660163853706027
11,1,0.9461295358756917
6,1,0.9365802033947445
15,1,0.9356303311538102
7,1,0.8790910545901277
5,1,0.7130967090940478
