tmID,prediction,prediction_proba
CHA,1,0.9999793245247676
PHO,1,0.9999793245247676
UTA,1,0.9999793245247676
SEA,1,0.9999793245247676
SAC,1,0.9999793245247676
ORL,1,0.9999793245247676
IND,1,0.9999793245247676
DET,1,0.9999793245247676
