tmID,prediction,prediction_proba
SEA,1,0.9999824475599071
HOU,1,0.9999195461478766
CON,1,0.9999185482859776
IND,1,0.9998565195038166
DET,1,0.99918579615284
LAS,1,0.9818639822700982
SAC,1,0.9736159649429199
CHA,0,0.38357761563385834
