tmID,prediction,prediction_proba
CON,1,0.9874753154253842
LAS,1,0.9378895158000616
SAC,1,0.8831228965153258
SEA,1,0.8795774604355444
MIN,1,0.77244033944778
WAS,1,0.507520892859899
DET,0,0.4650007529388618
IND,0,0.09449504764860464
