tmID,prediction,prediction_proba
DET,1,0.9988868654624515
LAS,1,0.9986388206611775
CON,1,0.998383511840411
IND,1,0.997481764473649
SAC,1,0.9959135104058257
HOU,1,0.984153989688127
SEA,1,0.9674081990608137
WAS,1,0.7133402175254031
