tmID,prediction,prediction_proba
5,1,0.9999999999999225
17,1,0.9999999999925016
16,1,0.9999999998146591
8,1,0.9999999985941401
4,1,0.9999984571634648
2,1,0.9998986987083063
15,1,0.9998155258961128
7,1,0.999185243891988
