tmID,prediction,prediction_proba
5,1,0.9999999999834515
7,1,0.9950621036748716
4,1,0.867923578878523
15,0,1.895928949414797e-05
16,0,1.558703875806669e-06
17,0,3.2421891988421565e-08
2,0,5.113753847399279e-10
13,0,6.532520827168844e-13
