year,tmID,playoff,prediction,prediction_proba
10,0,1,1,0.999967226010384
10,2,0,0,0.01929827128289342
10,4,0,0,4.890371669283404e-07
10,5,1,1,0.997623371141154
10,7,1,1,0.9999999988448665
10,8,1,1,0.9999624980850707
10,10,0,0,3.112243379454122e-09
10,11,0,0,7.202216585561612e-08
10,13,1,1,0.5782210230497598
10,15,0,0,0.10485263026813431
10,16,1,0,2.3555934528834307e-06
10,17,1,1,0.999994884173305
10,19,1,0,0.04257296804996411
