year,tmID,confID,playoff,prediction,prediction_proba
7,4,0,1,1,1.0
7,8,1,1,1,0.9999999999999998
7,5,0,1,1,0.9999999999802547
7,7,0,1,1,0.9999999102727536
7,6,1,1,1,0.9999941774994653
7,15,1,1,1,0.9366304345576336
7,19,0,1,1,0.8597061005715982
7,17,1,1,0,0.3519316966355615
