tmID,prediction,prediction_proba
CHA,1,0.9999793245247676
CLE,1,0.9999793245247676
SAC,1,0.9999793245247676
HOU,1,0.9999793245247676
LAS,1,0.9999793245247676
MIA,1,0.9999793245247676
NYL,1,0.9999793245247676
POR,0,0.0009763494440046713
