year,tmID,confID,playoff,prediction,prediction_proba
5,17,1,1,1,1.0
5,8,1,1,1,0.9999999999998097
5,4,0,1,1,0.9999999999979137
5,5,0,1,1,0.9999998171680956
5,15,1,1,1,0.9999971295869673
5,6,1,0,1,0.999735736636603
5,1,0,0,0,6.354047546048112e-05
5,19,0,1,0,1.7143388919952525e-06
