tmID,prediction,prediction_proba
HOU,1,0.9999853731172463
DET,1,0.9999853731172463
SAC,1,0.9999853731172463
SEA,1,0.9999853731172463
WAS,1,0.9999853731172463
CON,1,0.9999853731172463
LAS,1,0.9999853731172463
IND,1,0.9999853731172463
