tmID,prediction,prediction_proba
3,1,0.9999999999999998
8,1,0.9999999999997202
6,1,0.9999999943011164
9,1,0.9999999885066614
15,1,0.9999999611156638
19,1,0.9999938709182045
1,1,0.9999924592265089
18,1,0.9891036192581774
