tmID,prediction,prediction_proba
NYL,1,0.9989165737176341
SAC,1,0.9978493259627406
IND,1,0.9975849333600814
CON,1,0.996498206669052
HOU,1,0.9957184446656149
SEA,1,0.994199042142904
LAS,1,0.9918978290391988
DET,0,0.4358687824958486
