tmID,prediction,prediction_proba
5,1,1.0
6,1,0.9999999999996634
17,1,0.999999997435518
15,1,0.9999998184168014
10,1,0.9999984750892056
1,1,0.9970824102928819
11,1,0.9944934562675085
7,1,0.7919991823657111
