tmID,prediction,prediction_proba
IND,1,0.9994069569718541
DET,1,0.9991204936095662
SAC,1,0.9975762870607832
SAS,1,0.9939241722046954
CON,1,0.9935565264084657
NYL,1,0.9755444278368021
PHO,1,0.7193643058200712
SEA,0,0.16976031143111456
