tmID,prediction,prediction_proba
HOU,1,0.9999869899946691
NYL,1,0.9999869899946691
LAS,1,0.9999869899946691
SAC,1,0.6141054172330919
MIA,1,0.6141054172330919
CHA,1,0.6141054172330919
PHO,1,0.5927563819759617
ORL,0,0.00013257718691114706
