tmID,prediction,prediction_proba
IND,1,0.9994889462766893
LAS,1,0.9990709670362015
DET,1,0.9990522804934925
CON,1,0.998321478136452
SAC,1,0.9947249111490997
HOU,1,0.9892231230558564
WAS,1,0.9791901564723584
SEA,1,0.9721432900671426
