year,tmID,playoff,prediction,prediction_proba
6,1,0,0,9.059950688175664e-16
6,4,1,1,1.0
6,5,1,0,5.381962168715422e-07
6,6,1,1,0.9999998540248372
6,7,1,1,0.9999999893079986
6,8,1,0,0.03730122191293835
6,10,0,0,0.15713980789820575
6,11,1,1,0.9900880629952941
6,13,0,0,0.41815736730793557
6,15,1,1,0.9999999999988418
6,16,0,0,2.9321110035501064e-12
6,17,1,1,0.9999994384281606
6,19,0,1,0.8694063672275504
