tmID,prediction,prediction_proba
SEA,1,0.9877094735390798
HOU,1,0.9769099461386783
DET,1,0.9721964948858489
WAS,1,0.9575191459040518
PHO,1,0.8190158125780665
LAS,1,0.6775567869523175
CHA,1,0.5606903560450132
CON,0,0.3649872801458818
