year,tmID,confID,playoff,prediction,prediction_proba
10,13,1,1,1,0.9859026050794075
10,13,1,1,1,0.9729120033167727
10,13,1,1,1,0.9724808541936558
10,18,0,1,1,0.9669569032704097
10,13,1,1,1,0.9637754015136226
10,7,0,1,1,0.9574112433219235
10,7,0,1,1,0.9423102022652671
10,7,0,1,1,0.9167569357350436
