tmID,prediction,prediction_proba
16,1,0.9999999999999927
5,1,0.9999999999999563
17,1,0.999999999999325
8,1,0.999999999996646
4,1,0.9999999966685689
2,1,0.9999984326201468
15,1,0.9991303356237372
11,0,0.43046008821137877
