tmID,prediction,prediction_proba
LAS,1,0.9996521664266598
HOU,1,0.9993170155563349
CON,1,0.9987392083956277
DET,1,0.9983832395849618
SAS,1,0.997470375276151
SEA,1,0.9970876793282942
NYL,1,0.9951640913825444
IND,1,0.977581868660503
