year,tmID,confID,playoff,prediction,prediction_proba
7,4,0,1,1,0.9933762625104854
7,4,0,1,1,0.9908652908410015
7,5,0,1,1,0.9830516803700778
7,5,0,1,1,0.9799209121121701
7,10,1,0,1,0.9726503434402689
7,8,1,1,1,0.9703969039535383
7,8,1,1,1,0.9653857592410172
7,8,1,1,1,0.9400892850869935
