tmID,playoff,predict_proba
ATL,1,0.6458077958904149
CHI,1,0.6453860560570782
CON,1,0.6248189875190661
IND,1,0.6624780078050072
LAS,1,0.6387734087541119
LAS,1,0.6387734087541119
MIN,1,0.6397934576030386
NYL,0,0.044369821500859864
PHO,1,0.6383821608461268
SAS,0,0.20482503876586364
SEA,1,0.6551694726059737
TUL,1,0.6578072940039664
TUL,1,0.6578072940039664
WAS,1,0.6458077958904149
