tmID,prediction,prediction_proba
SEA,1,0.9999828722365274
LAS,1,0.9999828722365274
WAS,1,0.9999828722365274
DET,1,0.9999828722365274
CON,1,0.9999828722365274
SAC,1,0.9999828722365274
NYL,1,0.9999828722365274
MIN,1,0.9999828722365274
