year,tmID,confID,playoff,prediction,prediction_proba
8,5,0,1,1,0.9999999999999996
8,7,0,1,1,0.9999999999862155
8,4,0,1,1,0.9999999896975386
8,16,1,1,1,0.9999922129423334
8,15,1,1,1,0.999974633921689
8,13,1,1,1,0.9999677639380347
8,17,1,1,0,0.06880640408749115
8,11,0,1,0,0.015083418854852664
