tmID,prediction,prediction_proba
8,1,0.9994422465091386
4,1,0.9958710191532782
17,1,0.9958142255033425
5,1,0.995561451553951
6,1,0.9931958176380518
1,1,0.9893956411734792
7,1,0.8854694295368454
15,1,0.8273006229695639
