tmID,prediction,prediction_proba
IND,1,0.999603047679144
HOU,1,0.9990994281079337
CON,1,0.995252589815172
NYL,1,0.9930687968334491
SEA,1,0.9923842238229178
SAC,1,0.9916437468573182
LAS,1,0.9879195820018517
CHA,0,0.3331325259927335
