tmID,prediction,prediction_proba
10,1,0.992299475465155
13,1,0.9915245148467123
5,1,0.9825175509927493
4,1,0.9766702891501682
2,1,0.9207110619626452
17,1,0.8585209595495364
7,1,0.7340395084395799
6,1,0.6908621792600226
