tmID,prediction,prediction_proba
DET,1,0.9965473469112164
HOU,1,0.9931545901587161
LAS,1,0.9903406992672764
CON,1,0.9823152760407906
IND,1,0.8979217421104455
SAC,1,0.8375257234716323
SAS,1,0.8222665756069509
WAS,1,0.7959711779358607
