tmID,prediction,prediction_proba
7,1,0.9999999967971527
5,1,0.9999999879322806
0,1,0.9999996037757488
13,1,0.9999931429306481
17,1,0.9999883682263839
18,1,0.9997582190826176
8,1,0.9950054858499445
15,0,4.63503316793429e-05
