tmID,prediction,prediction_proba
HOU,1,0.9999846535126058
WAS,1,0.9999846535126058
NYL,1,0.9999846535126058
LAS,1,0.9999846535126058
CHA,1,0.9999846535126058
IND,1,0.9999846535126058
SEA,1,0.947829023230203
POR,0,2.810842353691996e-05
