tmID,prediction,prediction_proba
4,1,0.9999999995605899
5,1,0.9999999993626174
8,1,0.9999999918955887
6,1,0.9999995169287457
15,1,0.9997936767438225
7,1,0.9986960543220068
13,1,0.9979690732279886
19,1,0.9923056850065294
