tmID,prediction,prediction_proba
13,1,0.9859026050794075
18,1,0.9669569032704097
7,1,0.9574112433219235
8,1,0.9568018738767514
11,1,0.8842533317202877
17,1,0.8063547017000822
5,1,0.6980144161343296
16,0,0.4577909445440739
