tmID,prediction,prediction_proba
DET,1,0.9997000122838196
IND,1,0.9991733922990214
SAS,1,0.9955496598190164
SAC,1,0.9921939624762384
CON,1,0.9722235008317498
NYL,1,0.9698565662990468
PHO,1,0.8103992958860737
SEA,1,0.6750739773999848
