tmID,prediction,prediction_proba
6,1,0.9999999999994902
8,1,0.9999977955075722
11,1,0.9999969435903473
19,1,0.9999933168529085
3,1,0.9998794106405992
1,1,0.9985690864098984
17,1,0.5517553542552888
14,0,0.03706746507586819
