tmID,prediction,prediction_proba
5,1,1.0
4,0,0.1097870078087427
7,0,0.03985768207830526
15,0,6.889563282889219e-05
16,0,1.3146429903471977e-06
17,0,4.371764269428387e-07
11,0,7.182731306055826e-11
6,0,4.700421234099922e-11
