tmID,prediction,prediction_proba
6,1,0.9999999999994693
8,1,0.9999977816993918
11,1,0.9999964443406573
19,1,0.9999926754746955
3,1,0.9998592125062356
1,1,0.9983843037892688
17,1,0.572239531486452
14,0,0.03234729947726322
