tmID,prediction,prediction_proba
CON,1,0.9982690703476373
NYL,1,0.9979587549293896
LAS,1,0.9975014498036882
SAC,1,0.9952364994948483
DET,1,0.9944747543285265
SEA,1,0.9854945544682344
MIN,1,0.9753111150250071
WAS,1,0.9623988602065606
