tmID,prediction,prediction_proba
DET,1,0.9999858216685761
LAS,1,0.9999858216685761
SAS,1,0.9999858216685761
IND,1,0.9999858216685761
NYL,1,0.9999858216685761
SEA,1,0.9999858216685761
SAC,1,0.9999858216685761
CHI,0,2.9135733207615815e-05
