tmID,prediction,prediction_proba
LAS,1,0.9972393897814475
NYL,1,0.9924070068460358
SEA,1,0.9634135826272764
CON,1,0.9260350410006066
MIN,1,0.8979128245636887
DET,1,0.8322179659632062
SAS,1,0.5530971375142051
IND,0,0.33132366732332924
