tmID,prediction,prediction_proba
NYL,1,0.9986824090242191
CHA,1,0.9725537171750218
SAC,1,0.9625591167890031
LAS,1,0.7972282273131988
CON,1,0.7082288194647502
DET,0,0.463403448103606
SEA,0,0.4571232091706726
HOU,0,0.3576944926956391
