tmID,prediction,prediction_proba
HOU,1,0.9999869899946691
MIA,1,0.9999869899946691
SAC,1,0.9999869899946691
NYL,1,0.9999869899946691
CHA,1,0.9999869899946691
LAS,1,0.9999869899946691
ORL,1,0.9962966723367324
PHO,0,4.69491820436641e-05
