tmID,prediction,prediction_proba
8,1,0.9999999999980833
17,1,0.9999999999951819
5,1,0.9999998527969994
4,1,0.9999996795204155
10,1,0.9999506366352569
15,1,0.9998017917325467
7,0,0.0001557348769259335
1,0,3.873706354004773e-07
