tmID,prediction,prediction_proba
LAS,1,0.9999535374627845
SAC,1,0.9998780589662057
HOU,1,0.9996003344569067
WAS,1,0.9992563609815917
UTA,1,0.9991026432198746
NYL,0,0.020973447296294044
CLE,0,0.002788930173768291
CHA,0,0.0005945421115656365
