tmID,prediction,prediction_proba
4,1,0.9999999999999964
8,1,0.9999999999873246
5,1,0.9999999810604009
6,1,0.9999947399919742
15,1,0.7791916066095638
13,0,0.18195144351896111
7,0,0.17361897287517997
19,0,0.01667099507449163
