tmID,prediction,prediction_proba
6,1,0.9999999999934088
8,1,0.9999996662330309
1,1,0.9999870211112754
18,1,0.9998003239135484
11,1,0.9997407923489265
7,1,0.993874440587282
17,1,0.9753363966781649
14,0,0.012974983708589034
