tmID,prediction,prediction_proba
HOU,1,0.9999846535126058
NYL,1,0.9999846535126058
LAS,1,0.9999846535126058
POR,1,0.9999846535126058
CHA,1,0.9999846535126058
ORL,1,0.9999846535126058
WAS,1,0.9999846535126058
PHO,1,0.9999846535126058
