year,tmID,playoff,prediction,prediction_proba
7,1,0,0,9.702851831784841e-12
7,2,0,0,2.810161431262957e-20
7,4,1,1,1.0
7,5,1,1,0.9999999999802547
7,6,1,1,0.9999941774994653
7,7,1,1,0.9999999102727536
7,8,1,1,0.9999999999999998
7,10,0,0,9.00068605578346e-15
7,11,0,0,6.408337699978542e-19
7,13,0,0,4.7463425105868715e-08
7,15,1,1,0.9366304345576336
7,16,0,0,5.493186897049545e-08
7,17,1,0,0.3519316966355615
7,19,1,1,0.8597061005715982
