tmID,prediction,prediction_proba
5,1,0.9999999999997606
7,1,0.9999589307731246
4,1,0.9993921522200627
15,1,0.9564726572506439
16,0,1.2034349600347962e-05
17,0,6.456519081135018e-07
2,0,1.3787693771210395e-07
6,0,5.025930731217663e-08
