tmID,playoff,predict_proba
ATL,1,0.2435811405800143
CHI,1,1.2495161866813969
CON,0,8.632417755660028e-08
IND,1,1.2495161172853868
LAS,1,0.6247580868637435
MIN,1,1.2495161899373866
NYL,0,4.125632234367654e-09
PHO,0,0.07399055882379066
SAS,0,4.609070660284532e-07
SEA,1,1.1912656704557703
TUL,1,0.6247581352859388
WAS,1,0.2435811405800143
