tmID,prediction,prediction_proba
HOU,1,0.9999802773029512
SAC,1,0.9999802773029512
LAS,1,0.9999802773029512
CON,1,0.9999802773029512
CHA,1,0.9999802773029512
DET,1,0.9999802773029512
MIN,1,0.9999802773029512
CLE,1,0.9999802773029512
