tmID,prediction,prediction_proba
4,1,1.0
15,1,1.0
8,1,0.9999743535176935
17,1,0.9995888111593683
10,1,0.9907842256180122
18,1,0.9898510867768691
7,1,0.9740182771732753
5,0,0.002261225993543212
