tmID,prediction,prediction_proba
LAS,1,0.9994944891189131
DET,1,0.9994664524900809
CON,1,0.9986886874415548
IND,1,0.9974119970704713
SAC,1,0.9954890324917006
SEA,1,0.9874528975868077
WAS,1,0.9706866553471483
HOU,1,0.9365244037825486
