tmID,playoff,predict_proba
IND,Y,0.9937646570318173
TUL,Y,0.9867582504131823
TUL,Y,0.9867582504131823
SEA,Y,0.9828013286044527
ATL,Y,0.9687581402406537
WAS,Y,0.9687581402406537
CHI,Y,0.9681255001591796
MIN,Y,0.9597362002592331
