tmID,prediction,prediction_proba
DET,1,0.9577621932962216
LAS,1,0.9392358040145024
SAS,1,0.8371566917134459
NYL,1,0.8359120490916908
PHO,1,0.5072344334631665
CHI,0,0.389783307537322
MIN,0,0.20591571093008867
CON,0,0.17741936486756268
