tmID,prediction,prediction_proba
SAC,1,0.9999861350600102
SAS,1,0.9999861350600102
PHO,1,0.9999861350600102
DET,1,0.9999861350600102
SEA,1,0.9999861350600102
IND,1,0.9999861350600102
NYL,1,0.9999861350600102
CON,1,0.9999861350600102
