year,tmID,confID,playoff,prediction,prediction_proba
4,7,0,0,0,0.0013032931494727218
4,5,0,1,0,7.48807522109313e-07
4,5,0,1,0,5.914710418365503e-07
4,5,0,1,0,5.816859596024091e-07
4,8,1,1,0,1.3134355247573549e-11
4,8,1,1,0,9.11484685576868e-12
4,8,1,1,0,1.1046506683486721e-12
4,17,1,0,0,2.377954421517766e-13
