tmID,prediction,prediction_proba
CON,1,0.9997953833591035
LAS,1,0.9997750420834023
NYL,1,0.9990360441503385
DET,1,0.996600842603453
SEA,1,0.9957351207696884
SAC,1,0.9940714071190122
PHO,1,0.9889683189279397
WAS,1,0.9520672416843906
