tmID,prediction,prediction_proba
LAS,1,0.9999869899946691
NYL,1,0.9999869899946691
MIA,1,0.9999869899946691
SAC,1,0.9996494383083538
HOU,1,0.9996494383083538
CHA,1,0.9996494383083538
ORL,0,0.0008116341205949903
POR,0,3.013465579008591e-05
