tmID,prediction,prediction_proba
CON,1,0.9902810874814885
LAS,1,0.949071673310793
SEA,1,0.8793876655677985
SAC,1,0.7953309084355698
MIN,1,0.6919620146898443
DET,1,0.5205081314644886
WAS,1,0.5093269614645538
IND,0,0.09528376904640673
