year,tmID,confID,playoff,prediction,prediction_proba
8,13,1,1,1,0.9948627044431433
8,13,1,1,1,0.9936295776108569
8,13,1,1,1,0.9912733169437214
8,10,1,0,1,0.9899831429343803
8,5,0,1,1,0.9897156102455401
8,5,0,1,1,0.9820655738958015
8,5,0,1,1,0.9818745683543774
8,5,0,1,1,0.9706437727415345
