tmID,prediction,prediction_proba
7,1,1.0
8,1,0.9999999986690347
6,1,0.9999933734526149
17,1,0.9708416238051092
18,1,0.9543078446189571
11,1,0.9180128583151331
5,0,0.15563779159043303
15,0,5.647466825803329e-06
