tmID,playoff,predict_proba
ATL,1,0.5458755588310925
CHI,1,0.8740148527522079
CON,0,0.08441020293690168
IND,1,0.916672829508028
LAS,0,0.485072074396131
MIN,1,0.9867662050617171
NYL,0,0.0463321646671377
PHO,1,0.5676018336186225
SAS,1,0.9113620425519386
SEA,0,0.3368682863667874
TUL,1,0.6070381580411057
WAS,1,0.5458755588310925
