tmID,prediction,prediction_proba
7,0,0.0024486764118830237
5,0,8.799993828736178e-07
8,0,1.6985242469187307e-11
18,0,6.692641885663822e-12
17,0,2.9058120880910284e-13
6,0,2.641252963936506e-13
10,0,4.876660290053044e-15
1,0,1.183617795498732e-16
