tmID,prediction,prediction_proba
CON,1,0.999578272863168
LAS,1,0.999300199628945
NYL,1,0.9977538394755923
SEA,1,0.9932040612674099
MIN,1,0.9897487874683083
DET,1,0.9180263087728591
WAS,1,0.8828948861347263
SAC,1,0.7681475139953361
