tmID,prediction,prediction_proba
LAS,1,0.998906729523726
NYL,1,0.9969799772764646
CLE,1,0.9907100522015282
HOU,1,0.9411400344943565
CHA,1,0.9346507211304899
SAC,1,0.9270745014513478
UTA,1,0.9060050779376498
WAS,1,0.7818813671658295
