tmID,prediction,prediction_proba
6,1,0.999999999999512
8,1,0.9999978722249137
11,1,0.9999957170071988
19,1,0.9999921023172342
3,1,0.9998455245891567
1,1,0.9981314329697484
17,1,0.5516254349215974
14,0,0.028828266004640255
