year,tmID,playoff,prediction,prediction_proba
4,1,1,1,0.8863549662076685
4,3,1,0,0.1326715316730011
4,4,1,0,0.000538889703866091
4,5,1,1,1.0
4,6,1,1,0.999999999999984
4,7,0,1,0.9973013199516214
4,8,1,1,0.9999899168861888
4,10,1,1,0.9999999703012512
4,11,0,1,0.9999914490473029
4,13,0,0,6.803639943735529e-17
4,15,1,1,0.9999999211365729
4,16,0,0,4.5330094133589994e-20
4,17,0,1,0.9999999999898048
4,19,0,0,1.7253717153893419e-15
