tmID,prediction,prediction_proba
5,1,0.9942178575686732
8,1,0.9886009636805776
17,1,0.9883575929388206
1,1,0.987288923083195
4,1,0.9852986362742957
6,1,0.9572563954953988
7,1,0.8782745113500283
15,1,0.7991738993369705
