tmID,prediction,prediction_proba
SAC,1,0.9965593612116068
SEA,1,0.986253465779846
CON,1,0.9654229384525055
NYL,1,0.9610669571253918
PHO,1,0.9145072463219222
CHI,1,0.9120578126764126
SAS,1,0.8862237641207349
IND,1,0.6336244270642278
