tmID,prediction,prediction_proba
5,1,1.0
6,1,0.9999999999998994
17,1,0.9999999988876369
15,1,0.9999998845447247
10,1,0.9999979245855378
1,1,0.9966749320911824
11,1,0.994931826973828
7,1,0.8241579571081474
