tmID,prediction,prediction_proba
4,1,1.0
15,1,0.9999999999999998
8,1,0.9994654518113202
17,1,0.9899753479246085
7,1,0.9846166087816223
6,1,0.9665694614708852
5,1,0.9277338447453221
19,1,0.7786378809235514
