tmID,prediction,prediction_proba
3,1,0.9999999999999998
8,1,0.9999999999997204
6,1,0.9999999944553726
9,1,0.9999999885556264
15,1,0.9999999621513819
19,1,0.9999941344714806
1,1,0.9999927564367774
18,1,0.9897664348637283
