year,tmID,confID,playoff,prediction,prediction_proba
5,8,1,1,1,0.9994422465091386
5,4,0,1,1,0.9958710191532782
5,17,1,1,1,0.9958142255033425
5,5,0,1,1,0.995561451553951
5,5,0,1,1,0.9954021395406939
5,5,0,1,1,0.9935264090484107
5,6,1,0,1,0.9931958176380518
5,17,1,1,1,0.9909437449084826
