tmID,prediction,prediction_proba
IND,1,0.9977580911000032
SEA,1,0.994961687506312
DET,1,0.9937127036151043
LAS,1,0.9834903462452798
PHO,1,0.9792422066242372
ATL,1,0.9781059987960663
WAS,1,0.9671927354822061
SAC,0,0.18936038791940835
