year,tmID,playoff,prediction,prediction_proba
5,1,0,0,6.354047546048112e-05
5,4,1,1,0.9999999999979137
5,5,1,1,0.9999998171680956
5,6,0,1,0.999735736636603
5,7,0,0,1.3668392390964257e-10
5,8,1,1,0.9999999999998097
5,10,1,1,0.9338389545667033
5,11,1,0,5.777444600981945e-10
5,13,0,0,0.04550543440151071
5,15,1,1,0.9999971295869673
5,16,0,0,2.1215103397084213e-08
5,17,1,1,1.0
5,19,1,0,1.7143388919952525e-06
