tmID,prediction,prediction_proba
8,1,0.9999999999994791
17,1,0.9999999999977909
5,1,0.9999999666284973
4,1,0.9999999460522788
10,1,0.9999944956029915
15,1,0.9998889269193112
11,0,0.0019725015899537874
7,0,0.00018023953199952276
