tmID,prediction,prediction_proba
SAC,1,0.9965593612116068
SEA,1,0.986253465779846
CON,1,0.9720055655653506
NYL,1,0.9610669571253918
PHO,1,0.9301170035419256
CHI,1,0.9120578126764126
SAS,1,0.8862237641207349
IND,1,0.626611349362077
