year,tmID,confID,playoff,prediction,prediction_proba
3,8,1,1,1,0.9999999999992248
3,6,1,1,1,0.9999999999928519
3,19,0,1,1,0.9999999965442417
3,17,1,1,1,0.9995796140849356
3,1,0,1,1,0.9908598996620074
3,11,0,1,1,0.9890903527701786
3,3,0,0,1,0.9811828499586134
3,14,1,0,0,0.148930479364953
