tmID,prediction,prediction_proba
5,1,0.9999999999999996
6,1,0.9999999999999987
17,1,0.9999999998490954
10,1,0.9999941370441401
15,1,0.9999243693544907
11,1,0.9997597016597111
7,1,0.99317076190922
1,1,0.982104746859744
