tmID,prediction,prediction_proba
5,1,0.9999999999999998
8,1,0.9999999999999964
17,1,0.9999999999649565
15,1,0.9999999993595046
4,1,0.9999998457653367
6,1,0.9999883045144623
7,1,0.9503325195807627
18,0,0.005323642072518196
