tmID,prediction,prediction_proba
7,1,0.999999998727183
0,1,0.9999999717329259
17,1,0.9999546178688152
13,1,0.999930891791857
5,1,0.9999103649801151
8,1,0.9994225711032502
19,1,0.9561001492933445
15,0,0.00017055243727723341
