tmID,prediction,prediction_proba
HOU,1,0.9999869899946691
NYL,1,0.9999869899946691
LAS,1,0.9999869899946691
SAC,1,0.8102484565536886
MIA,1,0.8102484565536886
CHA,1,0.8102484565536886
PHO,0,0.35168265188178394
WAS,0,8.366555705607605e-05
