year,tmID,confID,playoff,prediction,prediction_proba
3,7,0,1,1,1.0
3,8,1,1,1,0.9999999950748031
3,8,1,1,1,0.9999999928973351
3,6,1,1,1,0.9999775907367623
3,6,1,1,1,0.9999733313826676
3,18,0,1,1,0.9531295120054217
3,18,0,1,1,0.9438418254772548
3,11,0,1,1,0.9124741922476041
