tmID,prediction,prediction_proba
8,1,0.9948999792734095
5,1,0.9685272603782337
11,1,0.9483676863645647
13,1,0.9003625752469551
0,1,0.8738582515331114
6,1,0.8400217218005408
10,1,0.8362012395251651
7,1,0.8253300090200719
