tmID,prediction,prediction_proba
DET,1,0.9994013967604688
IND,1,0.9990912988571395
SAC,1,0.9955057752008856
CON,1,0.9943667948520752
SAS,1,0.9869635260990393
NYL,1,0.9596315226507781
PHO,1,0.5778158263812215
SEA,0,0.21460678265544014
