tmID,prediction,prediction_proba
NYL,1,0.9991775998891158
LAS,1,0.998701216465598
SEA,1,0.9982539457471166
DET,1,0.9969574414498025
SAS,1,0.9941537276120099
IND,1,0.9885034920131786
HOU,1,0.9878634667964977
WAS,1,0.6553050814173476
