tmID,prediction,prediction_proba
7,1,1.0
8,1,0.9999999950748031
6,1,0.9999775907367623
17,1,0.9709204965057454
18,1,0.9531295120054217
11,1,0.9124741922476041
5,0,0.15508386076062528
15,0,6.0072981720774914e-06
