tmID,prediction,prediction_proba
LAS,1,0.9972853530513971
NYL,1,0.9908760789574175
SEA,1,0.9756808711299048
CON,1,0.8899587916296572
MIN,1,0.8824826212779768
DET,1,0.7994105135352507
SAS,1,0.5487580501198903
IND,0,0.43622609397076473
