year,tmID,playoff,prediction,prediction_proba
8,2,0,0,2.497887249432367e-06
8,4,1,1,0.9999999896975386
8,5,1,1,0.9999999999999996
8,6,0,0,0.005042288919054724
8,7,1,1,0.9999999999862155
8,8,0,0,2.2618968748177296e-12
8,10,0,0,3.5376000196839295e-16
8,11,1,0,0.015083418854852664
8,13,1,1,0.9999677639380347
8,15,1,1,0.999974633921689
8,16,1,1,0.9999922129423334
8,17,1,0,0.06880640408749115
8,19,0,0,0.0014113315447322643
