tmID,prediction,prediction_proba
DET,1,0.9982831727228285
IND,1,0.9959888970081904
SEA,1,0.9935347046617127
PHO,1,0.9901349558308039
ATL,1,0.9897225355910247
WAS,1,0.9871230656710348
LAS,1,0.9865542706475697
SAC,0,0.06059664099080851
