tmID,prediction,prediction_proba
HOU,1,0.9993346881517923
IND,1,0.999128391523377
SEA,1,0.9965436265700957
NYL,1,0.9958890977364511
LAS,1,0.9947321080891184
SAC,1,0.9945443875674495
CHA,1,0.9721761313129179
CON,1,0.9562931392730564
