tmID,prediction,prediction_proba
7,0,0.0013032931494727218
5,0,7.48807522109313e-07
8,0,1.3134355247573549e-11
18,0,5.7238650872843695e-12
17,0,2.377954421517766e-13
6,0,1.971730817794686e-13
10,0,4.267151522500265e-15
1,0,1.0007163706198229e-16
