tmID,prediction,prediction_proba
DET,1,0.9709495277487903
LAS,1,0.9404849292428639
SAS,1,0.805879785023622
NYL,1,0.8053990801535208
PHO,1,0.5497781330782173
CHI,0,0.389783307537322
SEA,0,0.2004784823325864
CON,0,0.1884830047394228
