tmID,prediction,prediction_proba
13,1,0.9948627044431433
10,1,0.9899831429343803
5,1,0.9897156102455401
4,1,0.9696255684379804
17,1,0.9514172993870976
6,1,0.9392864704128807
2,1,0.9049756372439505
7,1,0.7219855023210762
