tmID,prediction,prediction_proba
3,1,0.9999999999999998
8,1,0.9999999999996736
6,1,0.9999999938664506
9,1,0.9999999876139557
15,1,0.9999999590236058
19,1,0.9999936323191672
1,1,0.9999921381602259
18,1,0.988382041787361
