year,tmID,confID,playoff,prediction,prediction_proba
9,8,1,1,1,0.9948999792734095
9,8,1,1,1,0.9935614516144982
9,8,1,1,1,0.9923994104831785
9,5,0,1,1,0.9685272603782337
9,5,0,1,1,0.967372567382321
9,5,0,1,1,0.9628120099033878
9,5,0,1,1,0.9624474043984936
9,13,1,0,1,0.9003625752469551
