tmID,prediction,prediction_proba
4,1,1.0
15,1,0.999999999999996
8,1,0.9998551859521916
17,1,0.998836695999163
10,1,0.9718280876761697
7,1,0.7499375409170621
19,1,0.7082172379901165
5,0,0.09402661792987138
