tmID,prediction,prediction_proba
CON,1,0.9998385662740248
SAC,1,0.9997916589368148
SEA,1,0.9997301971272284
DET,1,0.9995859409012582
CLE,1,0.998171769519691
HOU,1,0.9975056709573976
SAS,1,0.9962985723795248
CHA,1,0.9336393316170857
