tmID,playoff,predict_proba
ATL,1,0.5951860482867135
CHI,0,0.39544246413623013
CON,1,0.5976842132088762
IND,0,0.529005834578143
LAS,1,0.6035561695256237
MIN,1,0.6033934382016387
NYL,1,0.5985968398553542
PHO,1,0.6017496715189988
SAS,0,0.6012573487685033
SEA,0,0.4638760471070962
TUL,1,0.6025156505939057
WAS,1,0.6016633526654684
