year,tmID,confID,playoff,prediction,prediction_proba
4,5,0,1,1,1.0
4,6,1,1,1,0.999999999999984
4,17,1,0,1,0.9999999999898048
4,10,1,1,1,0.9999999703012512
4,15,1,1,1,0.9999999211365729
4,11,0,0,1,0.9999914490473029
4,7,0,0,1,0.9973013199516214
4,1,0,1,1,0.8863549662076685
