tmID,prediction,prediction_proba
LAS,1,0.9999869899946691
NYL,1,0.9999869899946691
MIA,1,0.9999869899946691
SAC,1,0.9993120977213594
HOU,1,0.9993120977213594
CHA,1,0.9993120977213594
ORL,0,0.0015919516529130373
POR,0,3.013465579008591e-05
