year,tmID,playoff,prediction,prediction_proba
2,1,1,1,0.9999424868967315
2,3,1,1,0.9999999999999991
2,5,0,0,0.006458286055237098
2,6,1,1,0.9999999999188545
2,7,0,0,0.48078373770732985
2,8,1,1,0.9999999999999996
2,9,1,1,0.9999987397871094
2,10,0,0,0.06355449558732872
2,11,1,1,0.9976193011565344
2,12,0,1,0.8047388397610649
2,13,0,1,0.9994473284844445
2,14,0,0,0.055140834629098134
2,15,1,1,0.9999999999164022
2,17,0,0,0.2095165747620648
2,18,1,1,0.9965118221763873
2,19,0,1,0.9999999986424419
