tmID,prediction,prediction_proba
5,1,1.0
6,1,0.9999999999995615
17,1,0.9999999970328877
15,1,0.9999998298589073
10,1,0.9999983306806437
1,1,0.9973775594689869
11,1,0.9945730083404637
7,1,0.8063800691284495
