tmID,prediction,prediction_proba
SEA,1,0.9899192352636712
HOU,1,0.9802108022081096
DET,1,0.9786416617055854
WAS,1,0.9714541760120622
PHO,1,0.7422270770601034
LAS,1,0.6552931604942861
CHA,1,0.6164554103357924
NYL,0,0.4180282446562261
