tmID,prediction,prediction_proba
4,1,0.9999999989330803
5,1,0.9999999986874759
8,1,0.9999999635830019
6,1,0.9999966761580114
15,1,0.9956270258025756
7,1,0.9936890379540352
19,1,0.9657968503967174
13,1,0.9530599286869146
