tmID,prediction,prediction_proba
DET,1,0.9965302725764963
HOU,1,0.9930484610687492
LAS,1,0.9902717702718458
CON,1,0.9736958931073381
IND,1,0.9240799712939763
SAS,1,0.8463664173817526
SAC,1,0.8288749622727009
WAS,1,0.7958690464260789
