tmID,prediction,prediction_proba
HOU,1,0.9999846971632919
LAS,1,0.9999846971632919
DET,1,0.9999846971632919
SAC,1,0.9999846971632919
IND,1,0.9999846971632919
CON,1,0.9999846971632919
SEA,1,0.9999846971632919
NYL,1,0.9999846971632919
