tmID,prediction,prediction_proba
13,1,0.9855618705028767
18,1,0.9696858048009854
7,1,0.9277452854287636
11,1,0.8908443652491038
8,1,0.8426724535353891
17,1,0.7975326512675888
5,1,0.6862449608680066
16,0,0.4333604709764511
