year,tmID,confID,playoff,prediction,prediction_proba
9,5,0,1,1,0.9999999999999827
9,8,1,1,1,0.9999999999961313
9,16,1,1,1,0.9999999999941174
9,17,1,1,1,0.9999999999883942
9,4,0,1,1,0.9999999615391774
9,7,0,1,1,0.919808461768827
9,11,0,1,1,0.5189339178219313
9,6,1,0,0,0.04105800909906927
