year,tmID,playoff,prediction,prediction_proba
9,0,0,0,3.812045895256208e-17
9,2,0,0,0.001492265897611628
9,4,1,1,0.9999999615391774
9,5,1,1,0.9999999999999827
9,6,0,0,0.04105800909906927
9,7,1,1,0.919808461768827
9,8,1,1,0.9999999999961313
9,10,0,0,2.0309771109574516e-07
9,11,1,1,0.5189339178219313
9,13,0,0,7.929469959318394e-05
9,15,1,0,3.0457210784896866e-06
9,16,1,1,0.9999999999941174
9,17,1,1,0.9999999999883942
9,19,0,0,4.2402255598658913e-13
