tmID,prediction,prediction_proba
8,1,0.9999999999897351
6,1,0.9999999943308917
15,1,0.9999999828840257
9,1,0.9999997711403914
18,1,0.9999994634839021
1,1,0.9999992246301072
11,1,0.9998795800306046
13,1,0.9829923330966566
