tmID,prediction,prediction_proba
5,1,0.9999999999999485
17,1,0.9999999999925004
16,1,0.9999999998531279
8,1,0.9999999985284669
4,1,0.9999991088496888
2,1,0.9998672059813726
15,1,0.9997956767016195
7,1,0.9990631440001854
