tmID,prediction,prediction_proba
5,1,0.9999999999980207
7,1,0.9999394008416989
4,1,0.9711456370221879
15,1,0.9569113110955971
16,0,3.37833591697612e-05
17,0,8.999097335698893e-07
2,0,6.619315901582097e-08
6,0,4.3040545606731816e-08
