tmID,prediction,prediction_proba
4,1,0.9933762625104854
5,1,0.9830516803700778
10,1,0.9726503434402689
8,1,0.9703969039535383
13,1,0.894188509732448
7,1,0.8431241827147858
6,1,0.8347695193355883
18,0,0.3266925678065035
