tmID,prediction,prediction_proba
7,1,0.999999993387152
0,1,0.999997267669741
8,1,0.9999545403540634
5,1,0.9999399489548466
17,1,0.9997760787299734
13,1,0.9830855626096819
19,1,0.9743259227077983
15,0,0.028613814637589566
