year,tmID,confID,playoff,prediction,prediction_proba
6,4,0,1,1,1.0
6,15,1,1,1,0.9999999999988418
6,7,0,1,1,0.9999999893079986
6,6,1,1,1,0.9999998540248372
6,17,1,1,1,0.9999994384281606
6,11,0,1,1,0.9900880629952941
6,19,0,0,1,0.8694063672275504
6,13,1,0,0,0.41815736730793557
