tmID,prediction,prediction_proba
8,1,0.9999999999975286
17,1,0.9999999999951941
5,1,0.9999998321888388
4,1,0.9999998257892629
10,1,0.9999501740719102
15,1,0.9998004925325495
7,0,9.79831934617307e-05
1,0,1.4154346254737684e-06
