tmID,prediction,prediction_proba
7,1,0.9999999917750507
0,1,0.9999947604456706
8,1,0.999956016412907
5,1,0.999928014202721
17,1,0.9997936522952682
13,1,0.9868196939083097
19,1,0.9697961479266127
15,0,0.026116902177996674
