year,tmID,confID,playoff,prediction,prediction_proba
10,7,0,1,1,0.9999999988448665
10,17,1,1,1,0.999994884173305
10,0,0,1,1,0.999967226010384
10,8,1,1,1,0.9999624980850707
10,5,0,1,1,0.997623371141154
10,13,1,1,1,0.5782210230497598
10,15,1,0,0,0.10485263026813431
10,19,0,1,0,0.04257296804996411
