tmID,prediction,prediction_proba
HOU,1,0.9999802773029512
LAS,1,0.9999802773029512
SAC,1,0.9999802773029512
CON,1,0.9999802773029512
DET,1,0.9999802773029512
SEA,1,0.9999802773029512
IND,1,0.9999802773029512
WAS,1,0.9983091183215327
