tmID,prediction,prediction_proba
LAS,1,0.9992493796691622
NYL,1,0.9989027439415462
DET,1,0.9986756199759869
SEA,1,0.9972716797796107
HOU,1,0.9912800950657725
SAC,1,0.9821345623322212
IND,1,0.9499243566157249
WAS,1,0.8495950330085543
