tmID,prediction,prediction_proba
LAS,1,0.9986388206611775
DET,1,0.9986057851440123
CON,1,0.9983936275241007
IND,1,0.997481764473649
SAC,1,0.9959135104058257
HOU,1,0.984153989688127
SEA,1,0.9674081990608137
WAS,1,0.7133402175254032
